title,link
Framework to Choose the Right LLM for your Business,https://courses.analyticsvidhya.com/courses/choosing-the-right-LLM-for-your-business
Improving Real World RAG Systems: Key Challenges & Practical Solutions,https://courses.analyticsvidhya.com/courses/improving-real-world-rag-systems-key-challenges
Building Smarter LLMs with Mamba and State Space Model,https://courses.analyticsvidhya.com/courses/SSMAndMambaForAI
Generative AI - A Way of Life - Free Course,https://courses.analyticsvidhya.com/courses/genai-a-way-of-life
Getting Started with Large Language Models,https://courses.analyticsvidhya.com/courses/getting-started-with-llms
Building LLM Applications using Prompt Engineering - Free Course,https://courses.analyticsvidhya.com/courses/building-llm-applications-using-prompt-engineering-free
MidJourney: From Inspiration to Implementation - Free Course,https://courses.analyticsvidhya.com/courses/midjourney_from_inspiration_to_implementation
Building Your first RAG System using LlamaIndex - Free Course,https://courses.analyticsvidhya.com/courses/building-first-rag-systems-using-llamaindex
Exploring Stability.AI - Free Course,https://courses.analyticsvidhya.com/courses/exploring-stability-ai
Introduction to AI & ML,https://courses.analyticsvidhya.com/courses/introduction-to-ai-ml
Introduction to Python,https://courses.analyticsvidhya.com/courses/introduction-to-data-science
Machine Learning Certification Course for Beginners,https://courses.analyticsvidhya.com/courses/Machine-Learning-Certification-Course-for-Beginners
The Working of Neural Networks - Free Course,https://courses.analyticsvidhya.com/courses/The%20Working%20of%20Neural%20Networks
Understanding Linear Regression - Free Course,https://courses.analyticsvidhya.com/courses/free-understanding-linear-regression
Building a Text Classification Model with Natural Language Processing - Free Course,https://courses.analyticsvidhya.com/courses/free-building-textclassification-natural-language-processing
The A to Z of Unsupervised ML - Free Course,https://courses.analyticsvidhya.com/courses/free-unsupervised-ml-guide
Bagging and Boosting ML Algorithms - Free Course,https://courses.analyticsvidhya.com/courses/bagging-boosting-ML-Algorithms
Data Preprocessing on a Real-World Problem Statement - Free Course,https://courses.analyticsvidhya.com/courses/data-preprocessing
Introduction to Business Analytics,https://courses.analyticsvidhya.com/courses/introduction-to-analytics
Microsoft Excel: Formulas & Functions,https://courses.analyticsvidhya.com/courses/microsoft-excel-formulas-functions
Tableau for Beginners,https://courses.analyticsvidhya.com/courses/tableau-for-beginners
Loan Prediction Practice Problem (Using Python),https://courses.analyticsvidhya.com/courses/loan-prediction-practice-problem-using-python
Twitter Sentiment Analysis,https://courses.analyticsvidhya.com/courses/twitter-sentiment-analysis
Introduction to Web Scraping using Python,https://courses.analyticsvidhya.com/courses/introduction-to-web-scraping
Big Mart Sales Prediction Using R,https://courses.analyticsvidhya.com/courses/big-mart-sales-prediction-using-r
Time Series Forecasting using Python,https://courses.analyticsvidhya.com/courses/creating-time-series-forecast-using-python
